problem,obs,metric,g0,g1,g2,g3,real_goal,pred_goal,correct
examples/blocks_gr/,0.5,KL,0.572822672718407,5.989418297383285,1.5238544519019466,6.0442868200788515,0,0,True
