problem,obs,metric,g0,g1,g2,g3,real_goal,pred_goal,correct
examples/blocks_gr/,0.1,KL,0.21412447342046875,11.711061982644878,5.129283016944966,7.707084085223973,0,0,True
