problem,obs,metric,g0,g1,g2,g3,real_goal,pred_goal,correct
examples/blocks_gr/,0.7,KL,0.5153930496743596,5.526511716566436,2.3520697750573336,7.197589198878269,0,0,True
