problem,obs,metric,g0,g1,g2,g3,real_goal,pred_goal,correct
examples/skgrid_gr/,0.5,KL,0.7371612601704443,2.7892204966145577,2.300890912863847,3.6229548992972647,0,0,True
