problem,obs,metric,g0,g1,g2,g3,real_goal,pred_goal,correct
examples/skgrid_gr/,0.7,KL,0.8420353968368068,2.360474735385063,2.3374351118138668,3.495938439032835,0,0,True
