problem,metric,g0,g1,g2,g3,real_goal,pred_goal,correct
output/hanoi_gr/,MaxUtil,-1.6639359999999987,-0.6314577849619248,-0.010708758130527601,-1.0639358791150362,0,0,1
output/hanoi_gr/,DP,-7.0,-3.0,-7.0,-7.0,0,3,0
output/hanoi_gr/,KL,0.5159541004213132,5.4254142091824535,2.17564914127676,0.7048010174499952,0,0,1
output/hanoi_gr/,KL2,0.515865401625341,5.425182501910344,2.1755098354875924,0.7047066532465267,0,0,1
