problem,obs,metric,g0,g1,g2,g3,real_goal,pred_goal,correct
examples/hanoi_gr/,0.3,KL,0.5612098138825616,9.31795100500474,2.471683790820844,1.0021541572063652,0,0,True
