problem,obs,metric,g0,g1,g2,g3,real_goal,pred_goal,correct
examples/hanoi_gr/,1.0,KL,0.5159540212823492,6.711142957658369,2.3287953418573237,0.7049301592947658,0,0,True
